Redirect from,Redirect to
/shop,/collections/all
/electronic-humidors,/collections/electronic-humidors
/cabinet-humidors,/collections/cabinet-humidors
/desktop-humidors,/collections/desktop-humidors
/travel-humidors,/collections/travel-humidors
/accessories,/collections/accessories
/new-arrivals,/collections/new-arrivals
/walk-in-humidor,/pages/walk-in-humidor
/financing,/pages/financing
/journal,/blogs/news
/about,/pages/about-us
/care-guides,/pages/care-guides
/delivery-info,/pages/delivery-info
/returns-warranty,/pages/returns-warranty
/contact,/pages/contact
/onepager,/
/privacy-policy,/policies/privacy-policy
/terms-of-service,/policies/terms-of-service
/cookie-policy,/pages/cookie-policy
/article/news/amazon-com-alternatives-cigar-humidors-6,/blogs/news/amazon-com-alternatives-cigar-humidors-6
/article/news/best-cigars-for-lounges-top-picks-for-social-smokers,/blogs/news/best-cigars-for-lounges-top-picks-for-social-smokers
/article/news/bestbuy-com-cigar-humidor-alternatives-4,/blogs/news/bestbuy-com-cigar-humidor-alternatives-4
/article/news/boveda-packs-in-humidors-the-collectors-guide,/blogs/news/boveda-packs-in-humidors-the-collectors-guide
/article/news/cigar-aging-checklist-expert-tips-for-richer-flavor,/blogs/news/cigar-aging-checklist-expert-tips-for-richer-flavor
/article/news/cigar-tasting-room-features-every-aficionado-needs,/blogs/news/cigar-tasting-room-features-every-aficionado-needs
/article/news/exclusive-cigar-releases-top-10-picks-for-2026,/blogs/news/exclusive-cigar-releases-top-10-picks-for-2026
/article/news/explaining-humidor-air-circulation-for-serious-collectors,/blogs/news/explaining-humidor-air-circulation-for-serious-collectors
/article/news/explaining-multi-level-humidors-a-collectors-2026-guide,/blogs/news/explaining-multi-level-humidors-a-collectors-2026-guide
/article/news/famous-humidor-collaborations-artistry-meets-craft,/blogs/news/famous-humidor-collaborations-artistry-meets-craft
/article/news/guest-humidor-access-procedure-a-complete-2026-guide,/blogs/news/guest-humidor-access-procedure-a-complete-2026-guide
/article/news/how-humidor-size-impacts-cigar-preservation-and-value,/blogs/news/how-humidor-size-impacts-cigar-preservation-and-value
/article/news/how-to-calibrate-a-hygrometer-for-cigar-storage,/blogs/news/how-to-calibrate-a-hygrometer-for-cigar-storage
/article/news/how-to-catalog-humidors-a-collectors-guide,/blogs/news/how-to-catalog-humidors-a-collectors-guide
/article/news/how-to-control-humidity-for-cigars-expert-steps,/blogs/news/how-to-control-humidity-for-cigars-expert-steps
/article/news/how-to-match-humidors-with-decor-a-design-guide,/blogs/news/how-to-match-humidors-with-decor-a-design-guide
/article/news/how-to-monitor-cigar-freshness-a-complete-expert-guide,/blogs/news/how-to-monitor-cigar-freshness-a-complete-expert-guide
/article/news/how-to-store-cigars-and-keep-them-fresh,/blogs/news/how-to-store-cigars-and-keep-them-fresh
/article/news/how-to-upgrade-your-humidor-a-collectors-guide,/blogs/news/how-to-upgrade-your-humidor-a-collectors-guide
/article/news/humidification-methods-list-for-cigar-enthusiasts,/blogs/news/humidification-methods-list-for-cigar-enthusiasts
/article/news/humidity-in-cigar-storage-what-every-aficionado-must-know,/blogs/news/humidity-in-cigar-storage-what-every-aficionado-must-know
/article/news/humidor-authentication-guide-for-cigar-collectors,/blogs/news/humidor-authentication-guide-for-cigar-collectors
/article/news/humidor-calibration-guide-for-perfect-cigar-storage,/blogs/news/humidor-calibration-guide-for-perfect-cigar-storage
/article/news/humidor-capacity-explained-your-complete-size-guide,/blogs/news/humidor-capacity-explained-your-complete-size-guide
/article/news/humidor-dividers-optimize-your-cigar-storage-today,/blogs/news/humidor-dividers-optimize-your-cigar-storage-today
/article/news/humidor-etiquette-rules-every-cigar-lover-should-know,/blogs/news/humidor-etiquette-rules-every-cigar-lover-should-know
/article/news/humidor-trays-explained-maximize-your-cigar-storage,/blogs/news/humidor-trays-explained-maximize-your-cigar-storage
/article/news/humidorenthusiast-com-alternatives-6,/blogs/news/humidorenthusiast-com-alternatives-6
/article/news/ideal-humidor-temperature-guide-for-cigar-lovers,/blogs/news/ideal-humidor-temperature-guide-for-cigar-lovers
/article/news/luxury-cigar-traditions-heritage-ritual-and-craft,/blogs/news/luxury-cigar-traditions-heritage-ritual-and-craft
/article/news/luxury-humidor-collection,/blogs/news/luxury-humidor-collection
/article/news/luxury-smoking-room-inspirations-for-discerning-homes,/blogs/news/luxury-smoking-room-inspirations-for-discerning-homes
/article/news/luxuryappliancesdirect-com-alternatives-6,/blogs/news/luxuryappliancesdirect-com-alternatives-6
/article/news/passive-humidor-comparison-4-alternatives,/blogs/news/passive-humidor-comparison-4-alternatives
/article/news/personalized-humidors-custom-cigar-storage-explained,/blogs/news/personalized-humidors-custom-cigar-storage-explained
/article/news/precision-over-tradition,/blogs/news/precision-over-tradition
/article/news/premium-cigar-recommendations-for-connoisseurs-in-2026,/blogs/news/premium-cigar-recommendations-for-connoisseurs-in-2026
/article/news/proper-humidor-lighting-steps-for-cigar-preservation,/blogs/news/proper-humidor-lighting-steps-for-cigar-preservation
/article/news/proper-humidor-placement-the-role-location-plays,/blogs/news/proper-humidor-placement-the-role-location-plays
/article/news/seasonal-humidor-care-a-season-by-season-guide,/blogs/news/seasonal-humidor-care-a-season-by-season-guide
/article/news/stress-testing-humidor-setups-for-cigar-collectors,/blogs/news/stress-testing-humidor-setups-for-cigar-collectors
/article/news/the-essential-cigar-humidity-tools-list-for-collectors,/blogs/news/the-essential-cigar-humidity-tools-list-for-collectors
/article/news/the-role-of-cedar-in-humidors-for-cigar-preservation,/blogs/news/the-role-of-cedar-in-humidors-for-cigar-preservation
/article/news/the-role-of-lighting-in-humidors-a-2026-guide,/blogs/news/the-role-of-lighting-in-humidors-a-2026-guide
/article/news/the-role-of-shelving-in-cigar-humidors-a-collectors-guide,/blogs/news/the-role-of-shelving-in-cigar-humidors-a-collectors-guide
/article/news/the-role-of-technology-in-humidors-2026-guide,/blogs/news/the-role-of-technology-in-humidors-2026-guide
/article/news/the-ultimate-sanctuary-the-elegance-and-artistry-of-the-custom-walk-in-humidor,/blogs/news/the-ultimate-sanctuary-the-elegance-and-artistry-of-the-custom-walk-in-humidor
/article/news/top-cigar-accessories-for-serious-aficionados-in-2026,/blogs/news/top-cigar-accessories-for-serious-aficionados-in-2026
/article/news/top-humidity-control-methods-for-preserving-cigar-quality,/blogs/news/top-humidity-control-methods-for-preserving-cigar-quality
/article/news/walk-in-humidors-design-benefits-and-expert-tips,/blogs/news/walk-in-humidors-design-benefits-and-expert-tips
/article/news/wayfair-com-cigar-humidor-alternatives-4,/blogs/news/wayfair-com-cigar-humidor-alternatives-4
/article/news/what-are-cigar-trays-purpose-types-and-materials,/blogs/news/what-are-cigar-trays-purpose-types-and-materials
/article/news/what-is-a-humidor-seal-and-why-it-matters,/blogs/news/what-is-a-humidor-seal-and-why-it-matters
/article/news/what-is-a-hygrometer-types-uses-and-accuracy,/blogs/news/what-is-a-hygrometer-types-uses-and-accuracy
/article/news/what-is-a-pre-seasoned-humidor-your-2026-guide,/blogs/news/what-is-a-pre-seasoned-humidor-your-2026-guide
/article/news/what-is-cedar-lining-benefits-types-and-installation,/blogs/news/what-is-cedar-lining-benefits-types-and-installation
/article/news/what-is-humidor-craftsmanship-a-cigar-enthusiasts-guide,/blogs/news/what-is-humidor-craftsmanship-a-cigar-enthusiasts-guide
/article/news/what-is-humidor-dead-zone-causes-and-fixes,/blogs/news/what-is-humidor-dead-zone-causes-and-fixes
/article/news/what-is-humidor-insulation-a-cigar-collectors-guide,/blogs/news/what-is-humidor-insulation-a-cigar-collectors-guide
/article/news/what-is-humidor-lining-and-why-it-matters,/blogs/news/what-is-humidor-lining-and-why-it-matters
/article/news/what-is-spanish-cedar-properties-uses-and-benefits,/blogs/news/what-is-spanish-cedar-properties-uses-and-benefits
/article/news/why-choose-digital-hygrometers-for-cigar-storage,/blogs/news/why-choose-digital-hygrometers-for-cigar-storage
/article/news/why-consistency-in-humidors-protects-your-cigars,/blogs/news/why-consistency-in-humidors-protects-your-cigars
/article/news/why-dual-zone-humidors-belong-in-every-serious-collection,/blogs/news/why-dual-zone-humidors-belong-in-every-serious-collection
/article/news/why-humidity-fluctuates-in-humidors-causes-and-fixes,/blogs/news/why-humidity-fluctuates-in-humidors-causes-and-fixes
/article/news/why-humidors-prevent-cigar-mold-a-complete-guide,/blogs/news/why-humidors-prevent-cigar-mold-a-complete-guide
/product/1lb-humidity-beads-cigar-humidor,/products/1lb-humidity-beads-cigar-humidor
/product/300-series-digital-hygrometer,/products/300-series-digital-hygrometer
/product/amalfi-desktop-cigar-humidor,/products/amalfi-desktop-cigar-humidor
/product/barbatus-2000-cigar-humidor,/products/barbatus-2000-cigar-humidor
/product/belmont-600-cigar-humidor,/products/belmont-600-cigar-humidor
/product/bermuda-large-cigar-cabinet-humidor,/products/bermuda-large-cigar-cabinet-humidor
/product/chalet-black-glass-top-cigar-humidor,/products/chalet-black-glass-top-cigar-humidor
/product/chalet-cherry-desktop-cigar-humidor,/products/chalet-cherry-desktop-cigar-humidor
/product/chalet-glasstop-black-desktop-cigar-humidor,/products/chalet-glasstop-black-desktop-cigar-humidor
/product/chalet-glasstop-cherry-desktop-cigar-humidor,/products/chalet-glasstop-cherry-desktop-cigar-humidor
/product/chardonnay-desktop-cigar-humidor,/products/chardonnay-desktop-cigar-humidor
/product/chateau-black-20-cigar-humidor,/products/chateau-black-20-cigar-humidor
/product/chateau-black-glass-top-cigar-humidor,/products/chateau-black-glass-top-cigar-humidor
/product/chateau-burl-cigar-humidor,/products/chateau-burl-cigar-humidor
/product/chateau-cherry-desktop-cigar-humidor,/products/chateau-cherry-desktop-cigar-humidor
/product/chateau-glasstop-cherry-cigar-humidor,/products/chateau-glasstop-cherry-cigar-humidor
/product/cigar-tower-shelf-unit-by-humidor-supreme-black,/products/cigar-tower-shelf-unit-by-humidor-supreme-black
/product/crystal-acrylic-humidor-jar-25-cigars,/products/crystal-acrylic-humidor-jar-25-cigars
/product/dane-desktop-cigar-humidor,/products/dane-desktop-cigar-humidor
/product/digital-hygrometer-with-calibration-gold,/products/digital-hygrometer-with-calibration-gold
/product/duke-routed-edge-desktop-cigar-humidor,/products/duke-routed-edge-desktop-cigar-humidor
/product/electronic-cigar-humidifier-oasis-plus,/products/electronic-cigar-humidifier-oasis-plus
/product/florence-desktop-cigar-humidor,/products/florence-desktop-cigar-humidor
/product/franklin-150-cigar-acrylic-humidor,/products/franklin-150-cigar-acrylic-humidor
/product/humidor-supreme-9200-series-double-door-electronic-humidor-black,/products/humidor-supreme-9200-series-double-door-electronic-humidor-black
/product/humidor-supreme-balthazar-ii-end-table-humidor-black-oak,/products/humidor-supreme-balthazar-ii-end-table-humidor-black-oak
/product/humidor-supreme-commercial-cigar-locker-humidor-5-000-cigar-capacity,/products/humidor-supreme-commercial-cigar-locker-humidor-5-000-cigar-capacity
/product/humidor-supreme-commercial-display-4000-humidor-kit,/products/humidor-supreme-commercial-display-4000-humidor-kit
/product/humidor-supreme-commercial-display-humidor-4500,/products/humidor-supreme-commercial-display-humidor-4500
/product/humidor-supreme-electronic-humidor-9000-series-black,/products/humidor-supreme-electronic-humidor-9000-series-black
/product/humidor-supreme-electronic-humidor-9100-black,/products/humidor-supreme-electronic-humidor-9100-black
/product/humidor-supreme-large-29-unit-commercial-cigar-locker-humidor,/products/humidor-supreme-large-29-unit-commercial-cigar-locker-humidor
/product/humidor-supreme-traveler-5-humidor,/products/humidor-supreme-traveler-5-humidor
/product/humidor-traveler-15-compact-humidor,/products/humidor-traveler-15-compact-humidor
/product/hydra-lg-electronic-cigar-humidifier-black,/products/hydra-lg-electronic-cigar-humidifier-black
/product/hydra-sm-electronic-cigar-humidifier-black,/products/hydra-sm-electronic-cigar-humidifier-black
/product/hydra-turbo-commercial-electronic-humidifier-black,/products/hydra-turbo-commercial-electronic-humidifier-black
/product/madison-desktop-cigar-humidor,/products/madison-desktop-cigar-humidor
/product/mahogany-cigar-locker-humidor-dark-mahogany-standing-display-2000-5000ct,/products/mahogany-cigar-locker-humidor-dark-mahogany-standing-display-2000-5000ct
/product/manchester-250-cigar-humidor,/products/manchester-250-cigar-humidor
/product/manchester-rotating-base,/products/manchester-rotating-base
/product/manhattan-brown-travel-humidor,/products/manhattan-brown-travel-humidor
/product/manhattan-travel-humidor-set,/products/manhattan-travel-humidor-set
/product/marciano-250-cigar-humidor,/products/marciano-250-cigar-humidor
/product/milano-360-view-cigar-display,/products/milano-360-view-cigar-display
/product/modena-countertop-cigar-humidor,/products/modena-countertop-cigar-humidor
/product/novelist-5-10-cigar-humidor,/products/novelist-5-10-cigar-humidor
/product/onyx-desktop-cigar-humidor,/products/onyx-desktop-cigar-humidor
/product/oro-desktop-cigar-humidor,/products/oro-desktop-cigar-humidor
/product/palermo-70-165-cigar-humidor,/products/palermo-70-165-cigar-humidor
/product/portable-6-cigar-humidor,/products/portable-6-cigar-humidor
/product/portable-traveler-10-humidor,/products/portable-traveler-10-humidor
/product/portable-traveler-20-slim-cigar-case,/products/portable-traveler-20-slim-cigar-case
/product/reagan-electronic-cigar-cabinet,/products/reagan-electronic-cigar-cabinet
/product/redford-lite-custom-finish,/products/redford-lite-custom-finish
/product/remington-lite-custom-finish-cigar-humidor,/products/remington-lite-custom-finish-cigar-humidor
/product/rockford-grid-cigar-ashtray,/products/rockford-grid-cigar-ashtray
/product/saint-regis-large-cigar-humidor,/products/saint-regis-large-cigar-humidor
/product/santiago-700-cigar-humidor,/products/santiago-700-cigar-humidor
/product/spartacus-1000-cigar-humidor,/products/spartacus-1000-cigar-humidor
/product/urbanmatrx-cigar-accessory,/products/urbanmatrx-cigar-accessory
/product/vizcaya-ebony-desktop-cigar-humidor,/products/vizcaya-ebony-desktop-cigar-humidor
/product/vizcaya-makorem-pommele-desktop-cigar-humidor,/products/vizcaya-makorem-pommele-desktop-cigar-humidor


